Variant,Training,CancerPath,Path,Class,Activity,Abundance
G6D,1,Non-cancer,Benign,Benign,1.060841945,0.915432147
D38V,1,Non-cancer,Benign,Benign,0.832779539,0.734457783
K46E,1,Non-cancer,Benign,Benign,1.224551336,1.23886783
A45T,1,Non-cancer,Benign,Benign,1.131251102,1.355232524
D49G,1,Non-cancer,Benign,Benign,0.925692945,0.829097882
Y55H,1,Non-cancer,Benign,Benign,0.213603416,0.634577972
H99R,1,Cancer,Pathogenic,Cancer,0.010393934,0.624131425
H99Y,1,Cancer,Pathogenic,Cancer,0.009121053,0.111385456
A103V,1,Cancer,Pathogenic,Cancer,0.008562352,0.015162383
D137H,1,Non-cancer,Pathogenic,PMD,0.585338291,0.569355672
E152K,1,Non-cancer,Pathogenic,PMD,0.639788711,0.979047692
R171C,1,Cancer,Pathogenic,Cancer,0.011149057,0.202442304
G184R,1,Non-cancer,Benign,Benign,0.665506963,0.494758534
R188W,1,Cancer,Pathogenic,Cancer,0.016178227,0.080777494
C189G,1,Non-cancer,Pathogenic,PMD,0.105059358,0.917592085
S208P,1,Cancer,Pathogenic,Cancer,0.016112369,0.159649008
R232H,1,Non-cancer,Benign,Benign,0.949896266,0.743097433
G260R,1,Cancer,Pathogenic,Cancer,0.007437413,0.203273043
G274S,1,Cancer,Pathogenic,Cancer,0.073379401,0.142385651
T308M,1,Cancer,Pathogenic,Cancer,0.009119029,0.284067101
I319L,1,Non-cancer,Benign,Benign,0.916624201,0.853826927
R352Q,1,Non-cancer,Benign,Benign,0.969749976,0.773755018
P372R,1,Non-cancer,Benign,Benign,1.041147588,1.092947323
H407R,1,Cancer,Pathogenic,Cancer,0.008338995,0.022842577
V425G,1,Non-cancer,Benign,Benign,0.849979382,0.639262981
G439E,1,Cancer,Pathogenic,Cancer,0.009980361,0.005027087
H447R,1,Cancer,Pathogenic,Cancer,0.010186638,0.014908366
R451C,1,Cancer,Pathogenic,Cancer,0.008764504,1.232760308
R451H,1,Cancer,Pathogenic,Cancer,0.006327242,0.677219346
A454E,1,Cancer,Pathogenic,Cancer,0.009695432,0.067420328
A466T,1,Non-cancer,Benign,Benign,0.497839682,0.5697684
E472K,1,Non-cancer,Benign,Benign,0.862029647,1.059625087
T508I,1,Non-cancer,Pathogenic,PMD,0.265193332,0.542897136
R512Q,1,Non-cancer,Pathogenic,PMD,0.163835476,0.243994539
A524V,1,Non-cancer,Pathogenic,PMD,0.466152028,0.809467262
R554Q,1,Non-cancer,Benign,Benign,0.51617543,0.884716606
R554W,1,Non-cancer,Pathogenic,PMD,0.245360325,0.504546286
G555E,1,Non-cancer,Pathogenic,PMD,0.075200013,0.663078219
G581R,1,Cancer,Pathogenic,Cancer,0.010889336,0.030477298
R585W,1,Cancer,Pathogenic,Cancer,0.011808036,0.008011009
R589G,1,Cancer,Pathogenic,Cancer,0.011743881,0.034450557
R589Q,1,Cancer,Pathogenic,Cancer,0.012458191,0.032917336
R589W,1,Cancer,Pathogenic,Cancer,0.009064684,0.001025399
G590S,1,Cancer,Pathogenic,Cancer,0.003914195,0.00533588
Y629F,1,Non-cancer,Benign,Benign,0.931894299,0.788288102
V632I,1,Non-cancer,Benign,Benign,1.031488282,0.812163701
E640G,1,Non-cancer,Benign,Benign,1.008851865,0.384381763
V657I,1,Non-cancer,Benign,Benign,1.188577674,1.328345397
A660G,1,Non-cancer,Benign,Benign,1.180933463,1.167690659
C438F,0,VUS,VUS,VUS,0.035064609,0.040076192
E564K,0,VUS,VUS,VUS,0.019607423,1.047834819
G106R,0,VUS,VUS,VUS,0.006598782,0.102091483
G233V,0,VUS,VUS,VUS,0.009012966,0.00084513
G419R,0,VUS,VUS,VUS,0.003675094,0.001501787
H296Y,0,VUS,VUS,VUS,0.009534764,0.496189487
H592R,0,VUS,VUS,VUS,0.011695135,0.036949911
H625Y,0,VUS,VUS,VUS,0.012080136,0.004721872
L111R,0,VUS,VUS,VUS,0.009845349,0.067495461
L452F,0,VUS,VUS,VUS,0.020022443,0.156016656
N118S,0,VUS,VUS,VUS,0.797246953,0.722890547
R171H,0,VUS,VUS,VUS,0.015555696,0.509354333
R195W,0,VUS,VUS,VUS,0.022460292,0.16459003
R312C,0,VUS,VUS,VUS,0.011326012,1.259383883
R312H,0,VUS,VUS,VUS,0.007918953,0.670312057
R465W,0,VUS,VUS,VUS,0.393028228,0.528917621
R600Q,0,VUS,VUS,VUS,0.011156118,0.187903014
R662C,0,VUS,VUS,VUS,0.01917396,0.779894354
R97T,0,VUS,VUS,VUS,0.023562867,0.815973776
S456L,0,VUS,VUS,VUS,0.006591754,0.003990273
S509L,0,VUS,VUS,VUS,0.011432558,0.834188218
T143M,0,VUS,VUS,VUS,0.062967564,0.127595211
T96I,0,VUS,VUS,VUS,1.032663189,1.548923829